IP 地址,已发送,已接收,丢包率,平均延迟,下载速度(MB/s),地区码
108.162.192.113,4,4,0.00,101.72,0.65,SIN
108.162.196.150,4,4,0.00,100.32,0.56,SIN
173.245.59.17,4,4,0.00,102.19,0.55,SIN
173.245.58.116,4,4,0.00,101.97,0.43,SIN
104.18.125.20,4,4,0.00,151.32,0.41,LAX
104.16.126.42,4,4,0.00,154.43,0.41,LAX
108.162.194.89,4,4,0.00,81.98,0.33,SIN
108.162.193.96,4,4,0.00,101.86,0.27,SIN
108.162.198.167,4,4,0.00,72.63,0.22,NRT
108.162.195.24,4,4,0.00,84.63,0.21,SIN
104.19.125.226,4,1,0.75,165.87,0.00,N/A
104.20.57.41,4,3,0.25,255.91,0.00,N/A
104.18.115.30,4,4,0.00,156.88,0.00,N/A
141.101.123.173,4,4,0.00,157.06,0.00,N/A
141.101.122.170,4,4,0.00,157.12,0.00,N/A
104.19.33.9,4,4,0.00,161.99,0.00,N/A
104.18.67.13,4,4,0.00,164.09,0.00,N/A
104.16.103.58,4,4,0.00,165.78,0.00,N/A
104.16.125.182,4,4,0.00,165.89,0.00,N/A
104.19.30.23,4,4,0.00,166.25,0.00,N/A
173.245.49.62,4,4,0.00,168.97,0.00,N/A
141.101.114.70,4,4,0.00,169.15,0.00,N/A
104.19.220.10,4,4,0.00,171.83,0.00,N/A
141.101.115.83,4,4,0.00,172.72,0.00,N/A
141.101.121.192,4,4,0.00,174.32,0.00,N/A
104.18.250.204,4,4,0.00,176.69,0.00,N/A
141.101.90.164,4,4,0.00,179.50,0.00,N/A
172.67.253.0,4,4,0.00,179.53,0.00,N/A
141.101.113.240,4,4,0.00,186.09,0.00,N/A
104.18.116.53,4,4,0.00,188.07,0.00,N/A
104.18.166.144,4,4,0.00,191.32,0.00,N/A
172.67.255.19,4,4,0.00,198.82,0.00,N/A
104.19.12.225,4,4,0.00,206.21,0.00,N/A
141.101.120.250,4,4,0.00,208.30,0.00,N/A
172.67.95.11,4,4,0.00,259.68,0.00,N/A
172.64.48.122,4,3,0.25,110.06,0.00,N/A
172.64.157.108,4,3,0.25,126.83,0.00,N/A
172.64.155.158,4,3,0.25,131.45,0.00,N/A
172.64.156.154,4,3,0.25,131.66,0.00,N/A
104.16.129.99,4,3,0.25,149.10,0.00,N/A
104.19.159.49,4,3,0.25,155.28,0.00,N/A
104.18.73.47,4,3,0.25,155.71,0.00,N/A
104.19.204.236,4,3,0.25,156.45,0.00,N/A
104.16.127.86,4,3,0.25,157.44,0.00,N/A
104.17.177.131,4,3,0.25,157.56,0.00,N/A
172.66.0.189,4,3,0.25,158.93,0.00,N/A
104.17.175.186,4,3,0.25,159.53,0.00,N/A
104.17.34.238,4,3,0.25,159.76,0.00,N/A
104.16.132.254,4,3,0.25,160.48,0.00,N/A
104.17.162.202,4,3,0.25,162.78,0.00,N/A
104.19.6.238,4,3,0.25,163.00,0.00,N/A
104.17.167.105,4,3,0.25,163.47,0.00,N/A
104.18.77.188,4,3,0.25,163.70,0.00,N/A
104.16.29.189,4,3,0.25,164.87,0.00,N/A
104.19.223.54,4,3,0.25,167.95,0.00,N/A
104.16.95.62,4,3,0.25,168.14,0.00,N/A
104.19.168.174,4,3,0.25,168.26,0.00,N/A
104.18.157.122,4,3,0.25,168.79,0.00,N/A
104.19.141.209,4,3,0.25,169.02,0.00,N/A
104.19.219.4,4,3,0.25,169.45,0.00,N/A
104.19.124.110,4,3,0.25,169.74,0.00,N/A
104.16.88.180,4,3,0.25,170.25,0.00,N/A
104.19.197.69,4,3,0.25,170.72,0.00,N/A
104.18.76.96,4,3,0.25,170.92,0.00,N/A
172.65.7.47,4,3,0.25,171.15,0.00,N/A
172.66.42.80,4,3,0.25,172.04,0.00,N/A
104.19.113.123,4,3,0.25,172.37,0.00,N/A
104.19.90.2,4,3,0.25,172.56,0.00,N/A
172.65.6.175,4,3,0.25,173.12,0.00,N/A
104.19.182.144,4,3,0.25,174.06,0.00,N/A
104.19.192.200,4,3,0.25,175.34,0.00,N/A
162.159.247.221,4,3,0.25,175.78,0.00,N/A
172.67.152.145,4,3,0.25,176.11,0.00,N/A
104.19.69.65,4,3,0.25,177.10,0.00,N/A
104.18.127.20,4,3,0.25,177.24,0.00,N/A
104.16.201.136,4,3,0.25,177.80,0.00,N/A
104.19.193.121,4,3,0.25,178.91,0.00,N/A
172.67.153.90,4,3,0.25,179.36,0.00,N/A
104.19.222.66,4,3,0.25,180.60,0.00,N/A
104.19.180.206,4,3,0.25,180.79,0.00,N/A
104.17.146.1,4,3,0.25,181.46,0.00,N/A
104.18.59.96,4,3,0.25,182.53,0.00,N/A
104.16.128.177,4,3,0.25,183.72,0.00,N/A
104.19.5.217,4,3,0.25,185.95,0.00,N/A
104.18.74.183,4,3,0.25,186.78,0.00,N/A
104.18.154.111,4,3,0.25,187.93,0.00,N/A
104.18.81.105,4,3,0.25,189.49,0.00,N/A
104.16.163.181,4,3,0.25,190.10,0.00,N/A
104.17.225.154,4,3,0.25,190.23,0.00,N/A
104.19.70.204,4,3,0.25,190.96,0.00,N/A
104.18.72.230,4,3,0.25,191.29,0.00,N/A
104.17.37.105,4,3,0.25,196.57,0.00,N/A
172.67.151.71,4,3,0.25,196.71,0.00,N/A
172.65.8.188,4,3,0.25,197.17,0.00,N/A
104.18.133.65,4,3,0.25,199.24,0.00,N/A
172.64.92.73,4,3,0.25,199.63,0.00,N/A
104.18.182.46,4,3,0.25,202.89,0.00,N/A
104.18.210.70,4,3,0.25,203.55,0.00,N/A
104.20.10.155,4,3,0.25,205.04,0.00,N/A
104.18.156.218,4,3,0.25,205.13,0.00,N/A
104.17.43.149,4,3,0.25,206.27,0.00,N/A
172.65.70.95,4,3,0.25,207.01,0.00,N/A
104.17.38.26,4,3,0.25,208.01,0.00,N/A
172.67.127.142,4,3,0.25,209.60,0.00,N/A
104.18.179.37,4,3,0.25,216.70,0.00,N/A
104.17.166.4,4,3,0.25,217.76,0.00,N/A
104.18.208.74,4,3,0.25,218.54,0.00,N/A
104.18.253.156,4,3,0.25,219.05,0.00,N/A
104.20.60.27,4,3,0.25,219.85,0.00,N/A
172.64.91.74,4,3,0.25,220.29,0.00,N/A
103.31.4.240,4,3,0.25,221.43,0.00,N/A
104.16.216.61,4,3,0.25,222.53,0.00,N/A
172.66.175.250,4,3,0.25,222.61,0.00,N/A
172.67.66.207,4,3,0.25,224.30,0.00,N/A
104.18.139.147,4,3,0.25,225.11,0.00,N/A
104.18.251.157,4,3,0.25,229.18,0.00,N/A
104.20.1.250,4,3,0.25,230.04,0.00,N/A
172.65.5.105,4,3,0.25,232.12,0.00,N/A
104.20.34.12,4,3,0.25,233.63,0.00,N/A
172.66.138.35,4,3,0.25,236.38,0.00,N/A
172.66.139.63,4,3,0.25,241.06,0.00,N/A
104.20.35.62,4,3,0.25,241.67,0.00,N/A
104.20.3.244,4,3,0.25,248.62,0.00,N/A
172.65.26.35,4,3,0.25,254.20,0.00,N/A
172.67.214.67,4,1,0.75,167.70,0.00,N/A
104.20.49.211,4,3,0.25,257.56,0.00,N/A
104.25.68.63,4,3,0.25,300.51,0.00,N/A
172.64.76.219,4,3,0.25,320.81,0.00,N/A
162.159.24.221,4,2,0.50,82.82,0.00,N/A
104.18.33.136,4,2,0.50,84.36,0.00,N/A
172.64.47.127,4,2,0.50,88.57,0.00,N/A
162.159.56.148,4,2,0.50,92.24,0.00,N/A
172.64.42.138,4,2,0.50,97.89,0.00,N/A
172.64.159.148,4,2,0.50,103.09,0.00,N/A
172.64.158.108,4,2,0.50,113.12,0.00,N/A
172.64.46.217,4,2,0.50,116.83,0.00,N/A
172.64.50.163,4,2,0.50,121.99,0.00,N/A
172.64.229.74,4,2,0.50,128.22,0.00,N/A
172.64.49.173,4,2,0.50,132.99,0.00,N/A
172.64.52.1,4,2,0.50,133.41,0.00,N/A
104.18.247.188,4,2,0.50,141.04,0.00,N/A
104.19.116.57,4,2,0.50,141.37,0.00,N/A
104.17.149.228,4,2,0.50,143.46,0.00,N/A
104.18.236.142,4,2,0.50,146.67,0.00,N/A
104.18.220.13,4,2,0.50,146.96,0.00,N/A
104.18.56.212,4,2,0.50,149.21,0.00,N/A
104.19.144.240,4,2,0.50,149.54,0.00,N/A
104.19.238.77,4,1,0.75,167.67,0.00,N/A
104.17.169.121,4,2,0.50,150.65,0.00,N/A
104.16.135.93,4,2,0.50,150.86,0.00,N/A
104.19.140.252,4,2,0.50,151.81,0.00,N/A
104.19.143.9,4,2,0.50,152.60,0.00,N/A
104.16.130.173,4,2,0.50,152.74,0.00,N/A
104.19.241.74,4,2,0.50,152.93,0.00,N/A
104.19.142.174,4,2,0.50,154.08,0.00,N/A
104.19.236.133,4,2,0.50,155.35,0.00,N/A
104.18.222.14,4,2,0.50,155.55,0.00,N/A
104.18.221.13,4,2,0.50,155.93,0.00,N/A
104.19.85.33,4,2,0.50,156.67,0.00,N/A
104.17.152.37,4,2,0.50,156.72,0.00,N/A
104.19.133.79,4,2,0.50,157.16,0.00,N/A
104.17.173.186,4,2,0.50,157.87,0.00,N/A
104.19.8.46,4,2,0.50,158.08,0.00,N/A
104.19.145.37,4,2,0.50,158.80,0.00,N/A
104.19.163.249,4,2,0.50,158.83,0.00,N/A
104.16.27.68,4,2,0.50,158.90,0.00,N/A
104.19.4.182,4,2,0.50,159.34,0.00,N/A
104.19.134.80,4,2,0.50,159.41,0.00,N/A
104.18.120.253,4,2,0.50,159.99,0.00,N/A
104.19.138.37,4,2,0.50,160.38,0.00,N/A
104.19.247.92,4,2,0.50,160.74,0.00,N/A
104.18.119.227,4,2,0.50,161.19,0.00,N/A
104.19.67.170,4,2,0.50,161.64,0.00,N/A
104.16.138.183,4,2,0.50,162.02,0.00,N/A
104.16.223.25,4,2,0.50,162.09,0.00,N/A
104.19.239.162,4,2,0.50,162.11,0.00,N/A
172.66.40.105,4,2,0.50,162.38,0.00,N/A
104.17.216.55,4,2,0.50,162.45,0.00,N/A
104.19.111.109,4,2,0.50,162.84,0.00,N/A
172.66.1.117,4,2,0.50,163.64,0.00,N/A
172.64.233.169,4,2,0.50,164.31,0.00,N/A
104.18.71.174,4,2,0.50,164.54,0.00,N/A
104.17.165.77,4,2,0.50,165.07,0.00,N/A
104.19.190.64,4,2,0.50,165.18,0.00,N/A
172.64.230.55,4,2,0.50,165.42,0.00,N/A
104.18.121.142,4,2,0.50,165.72,0.00,N/A
172.65.218.188,4,2,0.50,166.03,0.00,N/A
104.19.150.140,4,2,0.50,167.26,0.00,N/A
104.19.63.109,4,2,0.50,167.47,0.00,N/A
172.67.156.158,4,2,0.50,167.60,0.00,N/A
172.65.33.23,4,2,0.50,167.75,0.00,N/A
104.19.121.192,4,2,0.50,167.85,0.00,N/A
104.16.239.187,4,2,0.50,168.05,0.00,N/A
104.19.232.66,4,2,0.50,168.16,0.00,N/A
104.19.65.136,4,2,0.50,168.19,0.00,N/A
104.18.214.78,4,2,0.50,168.38,0.00,N/A
104.19.75.126,4,2,0.50,168.64,0.00,N/A
104.18.4.45,4,2,0.50,168.80,0.00,N/A
104.19.120.222,4,2,0.50,168.92,0.00,N/A
104.18.123.179,4,2,0.50,170.40,0.00,N/A
172.67.252.210,4,2,0.50,170.56,0.00,N/A
104.19.123.0,4,2,0.50,170.68,0.00,N/A
104.19.62.2,4,2,0.50,170.97,0.00,N/A
104.19.104.116,4,2,0.50,171.38,0.00,N/A
172.67.250.128,4,2,0.50,171.48,0.00,N/A
104.18.117.55,4,2,0.50,171.67,0.00,N/A
104.18.224.201,4,2,0.50,171.70,0.00,N/A
104.19.205.205,4,2,0.50,171.78,0.00,N/A
104.16.86.113,4,2,0.50,172.22,0.00,N/A
104.17.40.10,4,2,0.50,172.29,0.00,N/A
104.16.91.145,4,2,0.50,172.34,0.00,N/A
104.19.35.128,4,2,0.50,172.39,0.00,N/A
104.17.163.251,4,2,0.50,172.52,0.00,N/A
104.19.87.145,4,2,0.50,172.96,0.00,N/A
104.18.242.228,4,2,0.50,173.10,0.00,N/A
104.16.139.171,4,2,0.50,173.10,0.00,N/A
104.19.195.63,4,2,0.50,173.56,0.00,N/A
172.67.128.58,4,2,0.50,173.93,0.00,N/A
104.18.70.209,4,2,0.50,174.33,0.00,N/A
104.17.193.242,4,2,0.50,174.35,0.00,N/A
104.18.25.89,4,2,0.50,174.38,0.00,N/A
104.19.129.90,4,2,0.50,174.43,0.00,N/A
172.67.161.50,4,2,0.50,174.44,0.00,N/A
104.16.220.147,4,2,0.50,174.57,0.00,N/A
104.16.218.236,4,2,0.50,174.83,0.00,N/A
104.19.89.80,4,2,0.50,174.96,0.00,N/A
104.19.91.206,4,2,0.50,175.26,0.00,N/A
104.16.221.93,4,2,0.50,175.32,0.00,N/A
104.16.134.235,4,2,0.50,175.68,0.00,N/A
104.19.103.229,4,2,0.50,175.89,0.00,N/A
104.19.151.101,4,2,0.50,176.04,0.00,N/A
104.16.227.232,4,2,0.50,176.30,0.00,N/A
104.16.96.202,4,2,0.50,176.38,0.00,N/A
172.65.10.252,4,2,0.50,176.43,0.00,N/A
172.67.242.150,4,2,0.50,176.62,0.00,N/A
172.67.158.207,4,2,0.50,176.66,0.00,N/A
172.67.227.34,4,2,0.50,176.68,0.00,N/A
172.67.246.149,4,2,0.50,176.82,0.00,N/A
104.17.104.125,4,2,0.50,176.85,0.00,N/A
104.19.37.16,4,2,0.50,177.02,0.00,N/A
104.18.124.30,4,2,0.50,177.10,0.00,N/A
104.19.34.9,4,2,0.50,177.12,0.00,N/A
104.17.90.227,4,2,0.50,177.17,0.00,N/A
172.67.236.40,4,2,0.50,177.41,0.00,N/A
172.65.244.35,4,2,0.50,177.45,0.00,N/A
104.19.43.142,4,2,0.50,177.51,0.00,N/A
104.19.13.33,4,2,0.50,178.04,0.00,N/A
104.19.3.239,4,2,0.50,178.33,0.00,N/A
104.17.102.35,4,2,0.50,178.49,0.00,N/A
104.18.216.197,4,2,0.50,178.75,0.00,N/A
172.67.154.167,4,2,0.50,178.87,0.00,N/A
104.24.199.25,4,2,0.50,179.50,0.00,N/A
104.19.157.131,4,2,0.50,179.67,0.00,N/A
104.19.139.130,4,2,0.50,179.72,0.00,N/A
104.18.60.221,4,2,0.50,179.93,0.00,N/A
104.16.89.1,4,2,0.50,180.01,0.00,N/A
104.19.251.94,4,2,0.50,180.72,0.00,N/A
104.16.131.44,4,2,0.50,180.79,0.00,N/A
104.19.119.65,4,2,0.50,180.98,0.00,N/A
104.19.148.56,4,2,0.50,181.32,0.00,N/A
104.18.249.42,4,2,0.50,181.39,0.00,N/A
104.19.73.118,4,2,0.50,181.42,0.00,N/A
104.25.111.182,4,2,0.50,181.51,0.00,N/A
104.19.26.110,4,2,0.50,182.16,0.00,N/A
104.19.203.143,4,2,0.50,182.24,0.00,N/A
104.18.181.2,4,2,0.50,182.48,0.00,N/A
172.65.159.152,4,2,0.50,182.66,0.00,N/A
104.18.113.237,4,2,0.50,182.72,0.00,N/A
104.18.68.42,4,2,0.50,182.91,0.00,N/A
172.67.157.23,4,2,0.50,183.19,0.00,N/A
172.66.216.87,4,2,0.50,183.27,0.00,N/A
172.67.249.85,4,2,0.50,183.63,0.00,N/A
172.67.244.99,4,2,0.50,183.75,0.00,N/A
104.19.249.148,4,2,0.50,184.28,0.00,N/A
104.20.63.102,4,2,0.50,184.53,0.00,N/A
104.16.217.180,4,2,0.50,184.86,0.00,N/A
104.18.167.75,4,2,0.50,184.91,0.00,N/A
104.16.90.217,4,2,0.50,185.49,0.00,N/A
104.17.17.46,4,2,0.50,185.66,0.00,N/A
104.18.225.217,4,2,0.50,185.99,0.00,N/A
172.67.155.227,4,2,0.50,186.28,0.00,N/A
104.19.254.195,4,2,0.50,186.66,0.00,N/A
172.67.234.102,4,2,0.50,186.66,0.00,N/A
172.67.240.39,4,2,0.50,186.92,0.00,N/A
104.29.154.135,4,2,0.50,187.03,0.00,N/A
104.16.225.176,4,2,0.50,187.14,0.00,N/A
104.26.14.184,4,2,0.50,187.39,0.00,N/A
104.19.235.66,4,2,0.50,187.53,0.00,N/A
104.17.106.148,4,2,0.50,188.10,0.00,N/A
172.65.29.133,4,2,0.50,188.14,0.00,N/A
104.19.230.183,4,2,0.50,188.41,0.00,N/A
104.17.202.208,4,2,0.50,189.24,0.00,N/A
172.65.78.213,4,2,0.50,189.38,0.00,N/A
104.16.219.235,4,2,0.50,189.55,0.00,N/A
104.17.45.73,4,2,0.50,189.62,0.00,N/A
104.18.211.22,4,2,0.50,189.81,0.00,N/A
104.19.66.59,4,2,0.50,189.88,0.00,N/A
104.16.233.90,4,2,0.50,190.11,0.00,N/A
172.67.224.32,4,2,0.50,190.23,0.00,N/A
104.19.55.60,4,2,0.50,190.48,0.00,N/A
104.16.229.20,4,2,0.50,190.81,0.00,N/A
172.65.59.96,4,2,0.50,191.30,0.00,N/A
104.18.218.74,4,2,0.50,191.32,0.00,N/A
104.16.231.92,4,2,0.50,191.77,0.00,N/A
104.18.213.169,4,2,0.50,192.02,0.00,N/A
104.19.191.209,4,2,0.50,192.10,0.00,N/A
104.17.41.225,4,2,0.50,192.28,0.00,N/A
104.16.133.46,4,2,0.50,192.33,0.00,N/A
104.18.26.72,4,2,0.50,192.36,0.00,N/A
172.67.245.110,4,2,0.50,192.72,0.00,N/A
104.21.198.28,4,2,0.50,192.90,0.00,N/A
172.67.241.186,4,2,0.50,193.28,0.00,N/A
172.64.80.234,4,2,0.50,193.41,0.00,N/A
104.17.16.81,4,2,0.50,193.99,0.00,N/A
104.17.153.159,4,2,0.50,194.74,0.00,N/A
104.18.122.45,4,2,0.50,195.15,0.00,N/A
104.18.219.207,4,2,0.50,195.19,0.00,N/A
104.16.16.207,4,2,0.50,195.34,0.00,N/A
104.18.215.4,4,2,0.50,197.42,0.00,N/A
104.17.15.1,4,2,0.50,197.55,0.00,N/A
104.18.10.59,4,2,0.50,197.55,0.00,N/A
104.18.243.183,4,2,0.50,197.58,0.00,N/A
104.19.181.194,4,2,0.50,197.65,0.00,N/A
104.18.140.249,4,2,0.50,197.79,0.00,N/A
104.18.169.251,4,2,0.50,199.59,0.00,N/A
104.26.6.214,4,2,0.50,199.79,0.00,N/A
104.18.217.74,4,2,0.50,200.40,0.00,N/A
104.25.168.70,4,2,0.50,200.42,0.00,N/A
104.18.209.14,4,2,0.50,200.60,0.00,N/A
104.17.42.58,4,2,0.50,201.42,0.00,N/A
104.17.208.43,4,2,0.50,201.45,0.00,N/A
104.17.142.95,4,2,0.50,201.89,0.00,N/A
104.18.245.64,4,2,0.50,202.28,0.00,N/A
104.17.226.117,4,2,0.50,202.28,0.00,N/A
172.66.143.189,4,2,0.50,202.45,0.00,N/A
172.67.254.95,4,2,0.50,203.42,0.00,N/A
104.17.172.0,4,2,0.50,203.95,0.00,N/A
172.64.187.136,4,2,0.50,204.56,0.00,N/A
104.17.46.179,4,2,0.50,204.61,0.00,N/A
104.18.54.152,4,2,0.50,205.33,0.00,N/A
104.16.235.229,4,2,0.50,205.47,0.00,N/A
104.26.10.188,4,2,0.50,205.64,0.00,N/A
172.65.97.1,4,2,0.50,205.82,0.00,N/A
104.19.246.9,4,2,0.50,206.65,0.00,N/A
104.16.246.118,4,2,0.50,207.02,0.00,N/A
104.16.244.58,4,2,0.50,208.37,0.00,N/A
104.19.21.76,4,2,0.50,208.41,0.00,N/A
104.17.209.121,4,2,0.50,208.65,0.00,N/A
172.66.176.4,4,2,0.50,209.58,0.00,N/A
104.20.59.48,4,2,0.50,211.51,0.00,N/A
104.17.210.6,4,2,0.50,212.54,0.00,N/A
104.17.61.244,4,2,0.50,212.72,0.00,N/A
104.25.36.113,4,2,0.50,212.74,0.00,N/A
104.18.212.189,4,2,0.50,213.64,0.00,N/A
104.17.151.128,4,2,0.50,213.84,0.00,N/A
104.18.244.37,4,2,0.50,214.00,0.00,N/A
104.17.109.44,4,2,0.50,214.46,0.00,N/A
104.17.107.96,4,2,0.50,215.04,0.00,N/A
104.16.232.196,4,2,0.50,215.12,0.00,N/A
104.17.92.164,4,2,0.50,215.39,0.00,N/A
104.20.2.36,4,2,0.50,215.77,0.00,N/A
104.16.236.242,4,2,0.50,215.83,0.00,N/A
104.29.157.237,4,2,0.50,215.91,0.00,N/A
162.159.234.165,4,2,0.50,216.07,0.00,N/A
172.64.79.223,4,2,0.50,216.22,0.00,N/A
104.16.234.161,4,2,0.50,216.25,0.00,N/A
104.18.248.79,4,2,0.50,216.91,0.00,N/A
104.29.137.94,4,2,0.50,217.31,0.00,N/A
104.25.211.150,4,2,0.50,217.38,0.00,N/A
104.17.103.83,4,2,0.50,217.50,0.00,N/A
104.16.230.6,4,2,0.50,217.74,0.00,N/A
104.17.101.227,4,2,0.50,218.17,0.00,N/A
172.65.164.34,4,2,0.50,218.52,0.00,N/A
104.26.9.25,4,2,0.50,219.01,0.00,N/A
104.16.226.163,4,2,0.50,219.42,0.00,N/A
104.20.4.132,4,2,0.50,219.71,0.00,N/A
104.16.228.238,4,2,0.50,219.71,0.00,N/A
104.17.196.243,4,2,0.50,220.08,0.00,N/A
104.17.192.182,4,2,0.50,220.85,0.00,N/A
104.18.170.115,4,2,0.50,221.84,0.00,N/A
104.16.224.191,4,2,0.50,222.27,0.00,N/A
104.17.100.99,4,2,0.50,222.63,0.00,N/A
104.17.190.168,4,2,0.50,223.24,0.00,N/A
104.20.30.112,4,2,0.50,223.36,0.00,N/A
172.66.196.86,4,2,0.50,223.36,0.00,N/A
104.16.222.84,4,2,0.50,223.86,0.00,N/A
104.25.31.9,4,2,0.50,226.99,0.00,N/A
104.17.164.143,4,2,0.50,227.89,0.00,N/A
104.18.180.34,4,2,0.50,228.04,0.00,N/A
104.25.167.69,4,2,0.50,228.57,0.00,N/A
104.20.0.201,4,2,0.50,228.66,0.00,N/A
104.20.6.169,4,2,0.50,229.48,0.00,N/A
104.17.182.75,4,2,0.50,230.57,0.00,N/A
104.16.215.28,4,2,0.50,230.80,0.00,N/A
104.17.184.201,4,2,0.50,230.95,0.00,N/A
104.17.180.220,4,2,0.50,230.95,0.00,N/A
104.17.214.198,4,2,0.50,230.95,0.00,N/A
104.16.213.3,4,2,0.50,230.96,0.00,N/A
104.20.52.90,4,2,0.50,231.15,0.00,N/A
104.17.187.22,4,2,0.50,231.33,0.00,N/A
104.19.20.237,4,2,0.50,231.52,0.00,N/A
104.29.156.68,4,2,0.50,231.54,0.00,N/A
104.25.128.16,4,2,0.50,231.83,0.00,N/A
104.17.185.54,4,2,0.50,231.88,0.00,N/A
172.64.189.155,4,2,0.50,232.38,0.00,N/A
172.66.177.247,4,2,0.50,232.54,0.00,N/A
104.17.201.223,4,2,0.50,232.60,0.00,N/A
104.25.33.52,4,2,0.50,233.07,0.00,N/A
172.67.69.44,4,2,0.50,233.07,0.00,N/A
104.17.200.85,4,2,0.50,233.25,0.00,N/A
104.20.58.228,4,2,0.50,236.07,0.00,N/A
162.159.143.129,4,2,0.50,236.59,0.00,N/A
104.20.50.225,4,2,0.50,237.51,0.00,N/A
104.25.185.175,4,2,0.50,237.77,0.00,N/A
172.67.73.248,4,2,0.50,240.32,0.00,N/A
104.26.4.183,4,2,0.50,241.93,0.00,N/A
104.20.20.114,4,2,0.50,242.32,0.00,N/A
104.20.18.65,4,2,0.50,242.50,0.00,N/A
172.66.144.80,4,2,0.50,243.88,0.00,N/A
104.20.61.41,4,2,0.50,244.52,0.00,N/A
104.25.174.235,4,2,0.50,245.64,0.00,N/A
104.17.82.251,4,2,0.50,246.42,0.00,N/A
172.67.72.156,4,2,0.50,257.96,0.00,N/A
104.25.150.32,4,2,0.50,261.24,0.00,N/A
104.29.152.72,4,2,0.50,265.94,0.00,N/A
104.20.31.222,4,2,0.50,302.89,0.00,N/A
104.25.23.75,4,2,0.50,304.63,0.00,N/A
104.29.136.177,4,2,0.50,355.43,0.00,N/A
162.159.34.117,4,1,0.75,76.35,0.00,N/A
162.159.40.87,4,1,0.75,76.49,0.00,N/A
162.159.48.149,4,1,0.75,82.00,0.00,N/A
162.159.36.235,4,1,0.75,82.50,0.00,N/A
162.159.25.37,4,1,0.75,82.60,0.00,N/A
162.159.43.4,4,1,0.75,84.44,0.00,N/A
162.159.32.241,4,1,0.75,85.16,0.00,N/A
162.159.33.27,4,1,0.75,86.83,0.00,N/A
162.159.27.236,4,1,0.75,87.16,0.00,N/A
104.18.43.41,4,1,0.75,87.63,0.00,N/A
104.18.36.150,4,1,0.75,96.76,0.00,N/A
162.159.26.26,4,1,0.75,100.94,0.00,N/A
104.18.42.212,4,1,0.75,102.51,0.00,N/A
172.64.53.46,4,1,0.75,108.30,0.00,N/A
104.18.46.46,4,1,0.75,126.36,0.00,N/A
104.19.101.4,4,1,0.75,139.29,0.00,N/A
104.19.96.87,4,1,0.75,140.03,0.00,N/A
104.18.3.242,4,1,0.75,140.96,0.00,N/A
104.19.68.191,4,1,0.75,141.19,0.00,N/A
104.19.81.142,4,1,0.75,141.51,0.00,N/A
172.65.232.122,4,1,0.75,141.63,0.00,N/A
104.16.37.79,4,1,0.75,141.68,0.00,N/A
104.19.94.80,4,1,0.75,142.11,0.00,N/A
104.16.164.160,4,1,0.75,142.31,0.00,N/A
162.159.237.135,4,1,0.75,142.41,0.00,N/A
104.18.137.87,4,1,0.75,142.55,0.00,N/A
104.18.223.123,4,1,0.75,142.56,0.00,N/A
104.16.145.34,4,1,0.75,142.61,0.00,N/A
104.19.183.57,4,1,0.75,142.78,0.00,N/A
162.159.199.11,4,1,0.75,142.98,0.00,N/A
104.19.185.200,4,1,0.75,142.99,0.00,N/A
104.19.105.245,4,1,0.75,143.34,0.00,N/A
104.19.88.58,4,1,0.75,143.94,0.00,N/A
104.17.171.112,4,1,0.75,144.09,0.00,N/A
104.18.197.191,4,1,0.75,145.23,0.00,N/A
104.17.191.207,4,1,0.75,145.39,0.00,N/A
104.16.170.166,4,1,0.75,146.34,0.00,N/A
104.16.237.161,4,1,0.75,146.47,0.00,N/A
104.19.71.93,4,1,0.75,148.00,0.00,N/A
104.18.49.209,4,1,0.75,148.14,0.00,N/A
104.18.31.199,4,1,0.75,148.33,0.00,N/A
172.64.40.58,4,1,0.75,148.40,0.00,N/A
104.18.114.116,4,1,0.75,148.52,0.00,N/A
104.19.99.194,4,1,0.75,149.01,0.00,N/A
104.18.69.2,4,1,0.75,149.51,0.00,N/A
104.16.144.59,4,1,0.75,149.57,0.00,N/A
104.18.57.180,4,1,0.75,150.88,0.00,N/A
104.18.79.117,4,1,0.75,151.72,0.00,N/A
104.16.241.103,4,1,0.75,151.79,0.00,N/A
104.18.135.110,4,1,0.75,152.03,0.00,N/A
104.16.84.90,4,1,0.75,152.05,0.00,N/A
162.159.245.50,4,1,0.75,152.21,0.00,N/A
172.65.246.132,4,1,0.75,152.74,0.00,N/A
104.19.38.173,4,1,0.75,152.75,0.00,N/A
104.19.115.56,4,1,0.75,152.94,0.00,N/A
104.16.152.13,4,1,0.75,153.08,0.00,N/A
104.19.194.30,4,1,0.75,153.26,0.00,N/A
104.18.138.175,4,1,0.75,153.36,0.00,N/A
104.17.150.35,4,1,0.75,153.79,0.00,N/A
104.16.156.21,4,1,0.75,153.96,0.00,N/A
104.17.52.106,4,1,0.75,154.00,0.00,N/A
162.159.212.60,4,1,0.75,154.19,0.00,N/A
104.18.45.231,4,1,0.75,155.45,0.00,N/A
104.19.135.112,4,1,0.75,156.41,0.00,N/A
104.19.15.68,4,1,0.75,156.43,0.00,N/A
104.17.157.12,4,1,0.75,157.09,0.00,N/A
104.17.188.156,4,1,0.75,157.29,0.00,N/A
104.17.181.3,4,1,0.75,157.39,0.00,N/A
104.19.47.100,4,1,0.75,157.71,0.00,N/A
104.19.242.251,4,1,0.75,158.06,0.00,N/A
104.18.83.244,4,1,0.75,158.17,0.00,N/A
104.17.212.155,4,1,0.75,158.20,0.00,N/A
104.19.82.123,4,1,0.75,158.23,0.00,N/A
104.16.87.96,4,1,0.75,158.35,0.00,N/A
104.19.40.243,4,1,0.75,158.61,0.00,N/A
172.65.228.74,4,1,0.75,158.63,0.00,N/A
104.18.147.179,4,1,0.75,158.63,0.00,N/A
104.19.122.244,4,1,0.75,158.70,0.00,N/A
104.16.158.59,4,1,0.75,158.82,0.00,N/A
162.159.240.235,4,1,0.75,159.05,0.00,N/A
172.67.132.116,4,1,0.75,159.12,0.00,N/A
104.18.82.81,4,1,0.75,159.13,0.00,N/A
104.19.158.54,4,1,0.75,159.25,0.00,N/A
104.19.118.56,4,1,0.75,159.26,0.00,N/A
104.16.192.155,4,1,0.75,159.53,0.00,N/A
104.19.79.251,4,1,0.75,159.70,0.00,N/A
172.65.73.178,4,1,0.75,159.79,0.00,N/A
104.16.146.224,4,1,0.75,159.89,0.00,N/A
104.18.50.187,4,1,0.75,160.06,0.00,N/A
104.18.85.136,4,1,0.75,160.11,0.00,N/A
104.18.80.188,4,1,0.75,160.18,0.00,N/A
172.67.202.164,4,1,0.75,160.44,0.00,N/A
104.19.160.89,4,1,0.75,160.48,0.00,N/A
104.16.173.123,4,1,0.75,160.62,0.00,N/A
104.19.77.192,4,1,0.75,160.93,0.00,N/A
104.18.47.0,4,1,0.75,160.97,0.00,N/A
104.16.155.228,4,1,0.75,161.01,0.00,N/A
162.159.202.93,4,1,0.75,161.07,0.00,N/A
104.19.161.205,4,1,0.75,161.10,0.00,N/A
104.18.75.209,4,1,0.75,161.13,0.00,N/A
104.18.132.229,4,1,0.75,161.20,0.00,N/A
104.17.251.101,4,1,0.75,161.33,0.00,N/A
172.67.135.18,4,1,0.75,161.38,0.00,N/A
104.25.215.185,4,1,0.75,161.39,0.00,N/A
162.159.207.205,4,1,0.75,161.41,0.00,N/A
104.16.161.36,4,1,0.75,161.47,0.00,N/A
104.17.189.225,4,1,0.75,161.53,0.00,N/A
104.19.198.85,4,1,0.75,161.78,0.00,N/A
172.67.221.128,4,1,0.75,161.83,0.00,N/A
104.16.191.49,4,1,0.75,161.89,0.00,N/A
104.19.137.57,4,1,0.75,161.93,0.00,N/A
104.16.150.155,4,1,0.75,161.99,0.00,N/A
104.16.154.199,4,1,0.75,161.99,0.00,N/A
172.67.206.218,4,1,0.75,162.33,0.00,N/A
104.17.83.108,4,1,0.75,162.42,0.00,N/A
104.17.199.154,4,1,0.75,162.59,0.00,N/A
104.19.243.195,4,1,0.75,162.62,0.00,N/A
104.18.130.89,4,1,0.75,162.77,0.00,N/A
104.16.160.56,4,1,0.75,162.97,0.00,N/A
104.16.97.53,4,1,0.75,163.28,0.00,N/A
104.18.23.234,4,1,0.75,163.42,0.00,N/A
104.18.134.219,4,1,0.75,163.56,0.00,N/A
104.21.12.143,4,1,0.75,163.72,0.00,N/A
104.19.165.166,4,1,0.75,163.80,0.00,N/A
104.17.221.139,4,1,0.75,163.91,0.00,N/A
104.19.36.252,4,1,0.75,164.01,0.00,N/A
104.18.58.138,4,1,0.75,164.35,0.00,N/A
104.16.83.45,4,1,0.75,164.37,0.00,N/A
104.19.128.155,4,1,0.75,164.43,0.00,N/A
104.24.35.4,4,1,0.75,164.45,0.00,N/A
162.159.239.115,4,1,0.75,164.51,0.00,N/A
172.65.231.33,4,1,0.75,164.61,0.00,N/A
172.64.153.192,4,1,0.75,164.75,0.00,N/A
104.19.32.205,4,1,0.75,164.78,0.00,N/A
104.17.183.97,4,1,0.75,165.09,0.00,N/A
104.19.109.105,4,1,0.75,165.11,0.00,N/A
104.19.201.127,4,1,0.75,165.51,0.00,N/A
104.19.136.198,4,1,0.75,165.64,0.00,N/A
104.19.28.139,4,4,0.00,154.46,0.00,N/A
172.64.235.143,4,1,0.75,166.44,0.00,N/A
104.18.255.24,4,1,0.75,166.48,0.00,N/A
104.19.237.109,4,1,0.75,167.56,0.00,N/A
104.18.118.102,4,2,0.50,149.71,0.00,N/A
103.21.244.164,4,4,0.00,154.64,0.00,N/A
172.67.203.72,4,1,0.75,187.70,0.00,N/A
104.18.205.55,4,1,0.75,167.88,0.00,N/A
104.24.221.209,4,1,0.75,167.98,0.00,N/A
104.18.51.170,4,1,0.75,168.02,0.00,N/A
104.16.187.237,4,1,0.75,168.05,0.00,N/A
172.64.188.136,4,1,0.75,168.22,0.00,N/A
172.67.162.28,4,1,0.75,168.27,0.00,N/A
104.16.167.24,4,1,0.75,168.30,0.00,N/A
104.25.252.54,4,1,0.75,168.39,0.00,N/A
172.67.190.0,4,1,0.75,168.41,0.00,N/A
104.19.51.252,4,1,0.75,168.45,0.00,N/A
104.19.117.200,4,1,0.75,168.46,0.00,N/A
104.21.201.68,4,1,0.75,168.53,0.00,N/A
172.67.192.252,4,1,0.75,168.62,0.00,N/A
104.17.179.239,4,1,0.75,168.76,0.00,N/A
104.18.200.230,4,1,0.75,168.81,0.00,N/A
104.16.177.106,4,1,0.75,168.88,0.00,N/A
104.25.135.2,4,1,0.75,168.95,0.00,N/A
172.65.119.200,4,1,0.75,169.11,0.00,N/A
104.21.39.162,4,1,0.75,169.12,0.00,N/A
172.67.218.163,4,1,0.75,169.27,0.00,N/A
104.17.176.99,4,1,0.75,169.47,0.00,N/A
104.19.23.94,4,1,0.75,169.48,0.00,N/A
172.67.204.229,4,1,0.75,169.50,0.00,N/A
104.25.251.168,4,1,0.75,169.55,0.00,N/A
172.65.189.125,4,1,0.75,169.67,0.00,N/A
162.159.198.227,4,1,0.75,169.69,0.00,N/A
172.67.186.206,4,1,0.75,169.74,0.00,N/A
104.18.131.223,4,1,0.75,169.77,0.00,N/A
104.21.222.249,4,1,0.75,169.84,0.00,N/A
104.21.63.74,4,1,0.75,170.01,0.00,N/A
104.16.175.223,4,1,0.75,170.07,0.00,N/A
172.67.164.86,4,1,0.75,170.16,0.00,N/A
172.66.43.87,4,1,0.75,170.31,0.00,N/A
104.24.247.152,4,1,0.75,170.57,0.00,N/A
104.19.196.137,4,1,0.75,170.72,0.00,N/A
104.21.119.164,4,1,0.75,170.82,0.00,N/A
172.65.194.241,4,1,0.75,171.03,0.00,N/A
172.67.232.227,4,1,0.75,171.11,0.00,N/A
104.19.97.250,4,1,0.75,171.19,0.00,N/A
172.67.207.85,4,1,0.75,171.34,0.00,N/A
104.17.247.119,4,1,0.75,171.39,0.00,N/A
172.67.143.129,4,1,0.75,171.62,0.00,N/A
172.67.140.72,4,1,0.75,171.66,0.00,N/A
104.18.151.61,4,1,0.75,171.77,0.00,N/A
104.19.149.142,4,1,0.75,171.81,0.00,N/A
172.65.142.239,4,1,0.75,172.00,0.00,N/A
104.25.250.51,4,1,0.75,172.47,0.00,N/A
172.67.247.143,4,1,0.75,172.62,0.00,N/A
172.65.96.207,4,1,0.75,172.66,0.00,N/A
162.159.193.18,4,1,0.75,172.85,0.00,N/A
104.17.49.220,4,1,0.75,172.92,0.00,N/A
172.67.159.113,4,1,0.75,173.07,0.00,N/A
104.18.55.152,4,1,0.75,173.78,0.00,N/A
172.67.208.195,4,1,0.75,173.87,0.00,N/A
104.17.63.94,4,1,0.75,173.90,0.00,N/A
104.17.105.231,4,1,0.75,174.47,0.00,N/A
172.67.92.207,4,1,0.75,174.51,0.00,N/A
104.18.146.189,4,1,0.75,174.65,0.00,N/A
104.16.176.185,4,1,0.75,174.74,0.00,N/A
104.20.39.93,4,1,0.75,174.75,0.00,N/A
104.19.59.231,4,1,0.75,174.81,0.00,N/A
172.64.152.253,4,1,0.75,175.19,0.00,N/A
104.16.148.65,4,1,0.75,175.29,0.00,N/A
104.18.78.231,4,1,0.75,175.34,0.00,N/A
104.17.158.218,4,1,0.75,175.45,0.00,N/A
104.18.128.188,4,1,0.75,175.46,0.00,N/A
104.19.186.120,4,1,0.75,175.63,0.00,N/A
172.65.212.182,4,1,0.75,175.71,0.00,N/A
104.18.129.40,4,1,0.75,175.80,0.00,N/A
104.18.207.138,4,1,0.75,175.85,0.00,N/A
172.67.198.9,4,1,0.75,175.94,0.00,N/A
162.159.233.27,4,1,0.75,176.26,0.00,N/A
104.18.144.41,4,1,0.75,176.26,0.00,N/A
104.19.64.48,4,1,0.75,176.36,0.00,N/A
104.21.91.80,4,1,0.75,176.43,0.00,N/A
104.21.223.153,4,1,0.75,176.72,0.00,N/A
104.21.110.80,4,1,0.75,176.76,0.00,N/A
104.24.203.126,4,1,0.75,176.80,0.00,N/A
104.17.156.55,4,1,0.75,176.86,0.00,N/A
104.20.40.63,4,1,0.75,176.89,0.00,N/A
104.19.42.249,4,1,0.75,177.08,0.00,N/A
104.21.89.113,4,1,0.75,177.31,0.00,N/A
104.21.90.81,4,1,0.75,177.58,0.00,N/A
104.27.111.77,4,1,0.75,177.58,0.00,N/A
172.67.205.200,4,1,0.75,177.62,0.00,N/A
104.16.137.242,4,1,0.75,177.69,0.00,N/A
104.18.145.151,4,1,0.75,178.07,0.00,N/A
104.19.164.69,4,1,0.75,178.09,0.00,N/A
104.16.20.152,4,1,0.75,178.23,0.00,N/A
104.19.95.96,4,1,0.75,178.26,0.00,N/A
104.19.14.40,4,1,0.75,178.53,0.00,N/A
104.18.2.109,4,1,0.75,178.56,0.00,N/A
172.65.226.145,4,1,0.75,178.63,0.00,N/A
172.67.189.212,4,1,0.75,178.70,0.00,N/A
172.65.39.216,4,1,0.75,178.76,0.00,N/A
172.67.209.243,4,1,0.75,178.93,0.00,N/A
104.21.17.37,4,1,0.75,178.97,0.00,N/A
172.65.21.175,4,1,0.75,179.00,0.00,N/A
104.18.136.168,4,1,0.75,179.04,0.00,N/A
104.19.107.194,4,1,0.75,179.06,0.00,N/A
172.67.167.247,4,1,0.75,179.31,0.00,N/A
172.64.101.143,4,1,0.75,179.41,0.00,N/A
172.67.111.196,4,1,0.75,179.53,0.00,N/A
172.67.194.194,4,1,0.75,179.68,0.00,N/A
172.67.238.204,4,1,0.75,180.08,0.00,N/A
172.67.191.196,4,1,0.75,180.10,0.00,N/A
172.65.53.244,4,1,0.75,180.54,0.00,N/A
172.67.110.173,4,1,0.75,180.86,0.00,N/A
172.67.248.149,4,1,0.75,180.92,0.00,N/A
104.19.127.108,4,1,0.75,180.95,0.00,N/A
104.16.202.212,4,1,0.75,180.95,0.00,N/A
162.159.197.61,4,1,0.75,180.95,0.00,N/A
104.17.220.54,4,1,0.75,180.96,0.00,N/A
104.19.252.72,4,1,0.75,181.00,0.00,N/A
104.19.250.4,4,1,0.75,181.78,0.00,N/A
104.16.140.134,4,1,0.75,181.88,0.00,N/A
172.67.225.72,4,1,0.75,182.08,0.00,N/A
104.16.168.32,4,1,0.75,182.14,0.00,N/A
104.19.244.106,4,1,0.75,182.19,0.00,N/A
172.67.237.137,4,1,0.75,182.25,0.00,N/A
172.67.223.14,4,1,0.75,182.35,0.00,N/A
172.67.108.115,4,1,0.75,182.49,0.00,N/A
104.16.172.209,4,1,0.75,182.52,0.00,N/A
104.19.166.143,4,1,0.75,182.69,0.00,N/A
104.18.107.14,4,1,0.75,182.70,0.00,N/A
104.16.142.104,4,1,0.75,182.70,0.00,N/A
104.18.204.209,4,1,0.75,182.94,0.00,N/A
104.18.126.35,4,1,0.75,183.19,0.00,N/A
104.19.44.200,4,1,0.75,183.22,0.00,N/A
104.19.112.40,4,1,0.75,183.26,0.00,N/A
104.17.218.181,4,1,0.75,183.33,0.00,N/A
104.25.249.171,4,1,0.75,183.35,0.00,N/A
104.17.99.16,4,1,0.75,183.54,0.00,N/A
172.65.40.225,4,1,0.75,183.68,0.00,N/A
104.16.143.42,4,1,0.75,183.75,0.00,N/A
104.16.147.74,4,1,0.75,183.75,0.00,N/A
104.17.39.25,4,1,0.75,184.16,0.00,N/A
190.93.246.250,4,1,0.75,184.21,0.00,N/A
172.67.222.137,4,1,0.75,184.38,0.00,N/A
104.19.253.233,4,1,0.75,184.46,0.00,N/A
162.159.194.55,4,1,0.75,184.52,0.00,N/A
172.67.235.24,4,1,0.75,184.85,0.00,N/A
104.25.86.1,4,1,0.75,184.90,0.00,N/A
172.67.137.224,4,1,0.75,184.93,0.00,N/A
172.67.136.6,4,1,0.75,185.13,0.00,N/A
104.16.85.38,4,1,0.75,185.67,0.00,N/A
104.16.171.55,4,1,0.75,186.13,0.00,N/A
104.25.190.167,4,1,0.75,186.39,0.00,N/A
104.16.136.177,4,1,0.75,186.40,0.00,N/A
104.19.229.121,4,1,0.75,186.54,0.00,N/A
104.16.166.112,4,1,0.75,186.63,0.00,N/A
172.65.23.110,4,1,0.75,186.64,0.00,N/A
104.16.159.226,4,1,0.75,186.67,0.00,N/A
104.18.5.23,4,1,0.75,186.76,0.00,N/A
172.65.41.77,4,1,0.75,186.76,0.00,N/A
104.19.92.11,4,1,0.75,186.79,0.00,N/A
172.65.192.119,4,1,0.75,187.06,0.00,N/A
104.16.196.238,4,1,0.75,187.12,0.00,N/A
172.64.100.108,4,1,0.75,187.21,0.00,N/A
172.67.166.211,4,1,0.75,187.23,0.00,N/A
104.17.195.56,4,1,0.75,187.34,0.00,N/A
172.67.243.228,4,1,0.75,187.39,0.00,N/A
104.19.61.226,4,1,0.75,187.49,0.00,N/A
104.20.21.129,4,1,0.75,187.56,0.00,N/A
104.16.141.92,4,1,0.75,187.60,0.00,N/A
172.67.138.209,4,1,0.75,187.66,0.00,N/A
172.65.227.171,4,1,0.75,167.73,0.00,N/A
104.16.151.1,4,1,0.75,187.74,0.00,N/A
172.67.199.54,4,1,0.75,187.89,0.00,N/A
104.19.39.89,4,1,0.75,188.16,0.00,N/A
162.159.213.217,4,1,0.75,188.18,0.00,N/A
104.18.48.101,4,1,0.75,188.41,0.00,N/A
172.67.97.89,4,1,0.75,188.44,0.00,N/A
104.16.169.182,4,1,0.75,188.90,0.00,N/A
104.18.9.128,4,1,0.75,188.91,0.00,N/A
162.159.195.203,4,1,0.75,189.03,0.00,N/A
104.19.76.129,4,1,0.75,189.20,0.00,N/A
104.19.41.178,4,1,0.75,189.29,0.00,N/A
104.17.186.98,4,1,0.75,189.53,0.00,N/A
172.67.169.248,4,1,0.75,189.57,0.00,N/A
104.18.198.188,4,1,0.75,189.60,0.00,N/A
104.17.91.252,4,1,0.75,189.61,0.00,N/A
162.159.206.158,4,1,0.75,189.69,0.00,N/A
172.65.11.131,4,1,0.75,189.80,0.00,N/A
104.19.74.155,4,1,0.75,189.89,0.00,N/A
104.25.192.75,4,1,0.75,189.96,0.00,N/A
104.16.183.111,4,1,0.75,190.14,0.00,N/A
172.67.201.94,4,1,0.75,190.23,0.00,N/A
104.19.184.198,4,1,0.75,190.27,0.00,N/A
172.67.229.116,4,1,0.75,190.51,0.00,N/A
104.17.174.91,4,1,0.75,190.54,0.00,N/A
104.19.98.47,4,1,0.75,190.81,0.00,N/A
104.17.44.212,4,1,0.75,190.84,0.00,N/A
104.17.56.137,4,1,0.75,191.15,0.00,N/A
104.19.78.214,4,1,0.75,191.35,0.00,N/A
172.67.149.154,4,1,0.75,191.99,0.00,N/A
104.25.247.55,4,1,0.75,192.18,0.00,N/A
104.24.134.212,4,1,0.75,192.34,0.00,N/A
104.19.9.68,4,1,0.75,192.46,0.00,N/A
104.29.125.42,4,1,0.75,192.59,0.00,N/A
104.16.214.248,4,1,0.75,192.64,0.00,N/A
104.19.7.179,4,1,0.75,192.65,0.00,N/A
104.20.48.54,4,1,0.75,192.68,0.00,N/A
104.17.144.148,4,1,0.75,192.69,0.00,N/A
172.65.58.87,4,1,0.75,192.91,0.00,N/A
104.21.221.208,4,1,0.75,192.96,0.00,N/A
104.17.36.237,4,1,0.75,193.02,0.00,N/A
104.17.54.40,4,1,0.75,193.21,0.00,N/A
104.24.232.32,4,1,0.75,193.25,0.00,N/A
104.19.57.242,4,1,0.75,193.25,0.00,N/A
104.17.110.245,4,1,0.75,193.42,0.00,N/A
104.19.31.60,4,1,0.75,193.52,0.00,N/A
104.20.37.95,4,1,0.75,193.53,0.00,N/A
172.67.113.200,4,1,0.75,193.56,0.00,N/A
104.19.22.7,4,1,0.75,194.07,0.00,N/A
104.16.38.228,4,1,0.75,194.19,0.00,N/A
104.16.157.39,4,1,0.75,194.42,0.00,N/A
172.65.171.50,4,1,0.75,194.42,0.00,N/A
172.65.133.132,4,1,0.75,194.52,0.00,N/A
104.19.187.152,4,1,0.75,194.59,0.00,N/A
104.25.177.131,4,1,0.75,194.65,0.00,N/A
104.18.252.130,4,1,0.75,194.67,0.00,N/A
172.67.233.53,4,1,0.75,194.73,0.00,N/A
172.67.231.65,4,1,0.75,194.73,0.00,N/A
104.16.153.101,4,1,0.75,194.73,0.00,N/A
104.27.9.139,4,1,0.75,194.94,0.00,N/A
172.67.134.115,4,1,0.75,195.04,0.00,N/A
172.64.184.169,4,1,0.75,195.21,0.00,N/A
172.67.101.141,4,1,0.75,195.45,0.00,N/A
172.67.197.231,4,1,0.75,195.60,0.00,N/A
104.18.53.240,4,1,0.75,195.70,0.00,N/A
104.25.254.109,4,1,0.75,196.08,0.00,N/A
104.26.11.10,4,1,0.75,196.25,0.00,N/A
162.159.201.157,4,1,0.75,196.42,0.00,N/A
104.16.162.29,4,1,0.75,196.47,0.00,N/A
104.18.254.119,4,1,0.75,196.60,0.00,N/A
104.19.24.52,4,1,0.75,196.86,0.00,N/A
104.24.88.226,4,1,0.75,196.90,0.00,N/A
172.67.130.95,4,1,0.75,197.26,0.00,N/A
104.19.72.243,4,1,0.75,197.36,0.00,N/A
172.65.139.253,4,1,0.75,197.43,0.00,N/A
104.21.84.129,4,1,0.75,197.47,0.00,N/A
104.19.83.102,4,1,0.75,197.82,0.00,N/A
172.67.165.55,4,1,0.75,197.90,0.00,N/A
172.67.193.118,4,1,0.75,197.92,0.00,N/A
104.19.234.84,4,1,0.75,198.00,0.00,N/A
104.25.38.203,4,1,0.75,198.02,0.00,N/A
104.17.94.153,4,1,0.75,198.09,0.00,N/A
172.65.56.221,4,1,0.75,198.11,0.00,N/A
104.16.28.158,4,1,0.75,198.14,0.00,N/A
104.19.108.77,4,1,0.75,198.14,0.00,N/A
172.67.112.79,4,1,0.75,198.20,0.00,N/A
172.67.85.12,4,1,0.75,198.23,0.00,N/A
104.24.176.195,4,1,0.75,198.48,0.00,N/A
104.19.93.213,4,1,0.75,198.53,0.00,N/A
104.18.206.189,4,1,0.75,198.54,0.00,N/A
172.67.98.114,4,1,0.75,198.66,0.00,N/A
104.18.6.33,4,1,0.75,198.93,0.00,N/A
190.93.244.184,4,1,0.75,198.94,0.00,N/A
172.67.133.53,4,1,0.75,199.05,0.00,N/A
172.65.184.242,4,1,0.75,199.12,0.00,N/A
172.67.163.239,4,1,0.75,199.49,0.00,N/A
104.17.97.100,4,1,0.75,199.65,0.00,N/A
162.159.192.136,4,1,0.75,199.85,0.00,N/A
104.25.109.215,4,1,0.75,200.00,0.00,N/A
104.20.42.108,4,1,0.75,200.07,0.00,N/A
104.25.113.236,4,1,0.75,200.21,0.00,N/A
104.18.29.36,4,1,0.75,200.41,0.00,N/A
104.19.200.33,4,1,0.75,200.43,0.00,N/A
104.24.17.241,4,1,0.75,200.48,0.00,N/A
104.19.29.26,4,1,0.75,200.71,0.00,N/A
172.67.107.68,4,1,0.75,201.03,0.00,N/A
104.25.253.35,4,1,0.75,201.06,0.00,N/A
104.29.126.95,4,1,0.75,201.24,0.00,N/A
104.18.28.103,4,1,0.75,201.28,0.00,N/A
172.67.99.35,4,1,0.75,201.47,0.00,N/A
162.159.232.6,4,1,0.75,201.51,0.00,N/A
104.27.1.246,4,1,0.75,201.55,0.00,N/A
172.65.12.247,4,1,0.75,201.79,0.00,N/A
172.67.230.247,4,1,0.75,201.84,0.00,N/A
104.20.36.170,4,1,0.75,201.99,0.00,N/A
104.25.12.167,4,1,0.75,202.00,0.00,N/A
172.64.96.59,4,1,0.75,202.14,0.00,N/A
172.65.138.221,4,1,0.75,202.18,0.00,N/A
104.25.100.148,4,1,0.75,202.21,0.00,N/A
104.17.108.130,4,1,0.75,202.37,0.00,N/A
104.24.202.27,4,1,0.75,202.42,0.00,N/A
172.67.81.161,4,1,0.75,202.63,0.00,N/A
104.25.107.69,4,1,0.75,202.70,0.00,N/A
172.67.142.186,4,1,0.75,202.90,0.00,N/A
104.20.38.230,4,1,0.75,202.97,0.00,N/A
172.67.106.233,4,1,0.75,203.05,0.00,N/A
172.67.75.50,4,1,0.75,203.14,0.00,N/A
162.159.142.254,4,1,0.75,203.23,0.00,N/A
104.17.95.142,4,1,0.75,203.24,0.00,N/A
172.65.245.68,4,1,0.75,203.26,0.00,N/A
162.159.229.42,4,1,0.75,203.28,0.00,N/A
162.159.138.43,4,1,0.75,203.35,0.00,N/A
104.17.51.0,4,1,0.75,203.72,0.00,N/A
104.16.165.209,4,1,0.75,203.87,0.00,N/A
104.16.174.192,4,1,0.75,204.02,0.00,N/A
104.17.217.123,4,1,0.75,204.27,0.00,N/A
172.65.167.42,4,1,0.75,204.52,0.00,N/A
162.159.205.130,4,1,0.75,204.54,0.00,N/A
104.25.69.217,4,1,0.75,204.71,0.00,N/A
172.67.80.176,4,1,0.75,204.83,0.00,N/A
104.19.27.5,4,1,0.75,204.93,0.00,N/A
104.17.55.202,4,1,0.75,205.06,0.00,N/A
172.67.94.211,4,1,0.75,205.29,0.00,N/A
104.25.24.3,4,1,0.75,205.48,0.00,N/A
104.25.138.18,4,1,0.75,205.74,0.00,N/A
104.18.203.8,4,1,0.75,205.78,0.00,N/A
104.25.143.154,4,1,0.75,205.96,0.00,N/A
104.21.117.132,4,1,0.75,206.45,0.00,N/A
104.24.133.130,4,1,0.75,206.48,0.00,N/A
172.65.71.93,4,1,0.75,206.55,0.00,N/A
104.21.220.219,4,1,0.75,206.57,0.00,N/A
172.67.185.32,4,1,0.75,206.72,0.00,N/A
172.67.103.158,4,1,0.75,206.72,0.00,N/A
104.18.202.241,4,1,0.75,207.09,0.00,N/A
104.17.148.157,4,1,0.75,207.38,0.00,N/A
104.24.219.2,4,1,0.75,207.60,0.00,N/A
172.67.82.161,4,1,0.75,207.68,0.00,N/A
104.17.211.89,4,1,0.75,207.76,0.00,N/A
104.25.183.49,4,1,0.75,207.97,0.00,N/A
172.67.129.40,4,1,0.75,208.03,0.00,N/A
104.17.112.119,4,1,0.75,208.12,0.00,N/A
172.67.67.94,4,1,0.75,208.16,0.00,N/A
104.27.200.22,4,1,0.75,208.46,0.00,N/A
172.67.160.34,4,1,0.75,208.54,0.00,N/A
104.17.53.88,4,1,0.75,208.84,0.00,N/A
172.65.120.148,4,1,0.75,209.15,0.00,N/A
172.65.77.245,4,1,0.75,209.36,0.00,N/A
172.65.193.231,4,1,0.75,209.40,0.00,N/A
172.67.196.106,4,1,0.75,209.61,0.00,N/A
172.66.148.88,4,1,0.75,209.61,0.00,N/A
104.17.160.144,4,1,0.75,209.65,0.00,N/A
104.16.149.112,4,1,0.75,209.76,0.00,N/A
104.16.114.86,4,1,0.75,210.26,0.00,N/A
104.27.126.186,4,1,0.75,210.40,0.00,N/A
104.19.221.136,4,1,0.75,210.43,0.00,N/A
104.25.53.173,4,1,0.75,210.69,0.00,N/A
104.17.198.241,4,1,0.75,211.20,0.00,N/A
104.18.0.248,4,1,0.75,211.20,0.00,N/A
172.67.76.218,4,1,0.75,211.39,0.00,N/A
172.66.197.250,4,1,0.75,211.44,0.00,N/A
104.24.186.34,4,1,0.75,211.79,0.00,N/A
104.17.33.177,4,1,0.75,211.85,0.00,N/A
104.24.86.250,4,1,0.75,212.08,0.00,N/A
104.26.13.203,4,1,0.75,212.17,0.00,N/A
104.25.186.71,4,1,0.75,212.43,0.00,N/A
104.17.170.22,4,1,0.75,212.63,0.00,N/A
172.65.87.254,4,1,0.75,212.66,0.00,N/A
162.159.224.98,4,1,0.75,213.88,0.00,N/A
104.25.139.130,4,1,0.75,214.21,0.00,N/A
104.19.102.142,4,1,0.75,214.28,0.00,N/A
172.65.85.66,4,1,0.75,214.31,0.00,N/A
172.67.239.51,4,1,0.75,214.51,0.00,N/A
104.19.106.235,4,1,0.75,214.52,0.00,N/A
104.17.159.165,4,1,0.75,214.72,0.00,N/A
104.19.80.253,4,1,0.75,214.82,0.00,N/A
172.65.225.158,4,1,0.75,215.01,0.00,N/A
172.67.102.230,4,1,0.75,215.04,0.00,N/A
104.20.62.8,4,1,0.75,215.10,0.00,N/A
172.67.228.176,4,1,0.75,215.30,0.00,N/A
104.19.100.63,4,1,0.75,215.34,0.00,N/A
172.67.78.49,4,1,0.75,215.61,0.00,N/A
172.67.141.118,4,1,0.75,215.62,0.00,N/A
172.66.207.43,4,1,0.75,215.77,0.00,N/A
104.16.204.197,4,1,0.75,216.52,0.00,N/A
104.19.126.237,4,1,0.75,217.19,0.00,N/A
104.21.100.0,4,1,0.75,217.81,0.00,N/A
104.21.214.138,4,1,0.75,218.26,0.00,N/A
172.67.77.141,4,1,0.75,218.37,0.00,N/A
104.21.14.206,4,1,0.75,218.46,0.00,N/A
104.16.203.32,4,1,0.75,218.84,0.00,N/A
104.17.215.125,4,1,0.75,220.13,0.00,N/A
104.18.84.102,4,1,0.75,220.15,0.00,N/A
172.64.83.54,4,1,0.75,220.21,0.00,N/A
104.25.221.12,4,1,0.75,220.54,0.00,N/A
104.25.144.200,4,1,0.75,220.59,0.00,N/A
172.67.226.192,4,1,0.75,220.78,0.00,N/A
104.19.54.45,4,1,0.75,220.88,0.00,N/A
172.65.84.20,4,1,0.75,221.38,0.00,N/A
104.18.27.106,4,1,0.75,221.60,0.00,N/A
172.67.71.54,4,1,0.75,222.15,0.00,N/A
172.64.89.196,4,1,0.75,222.24,0.00,N/A
172.66.217.103,4,1,0.75,222.46,0.00,N/A
104.25.184.204,4,1,0.75,222.70,0.00,N/A
104.21.24.213,4,1,0.75,223.16,0.00,N/A
104.25.212.87,4,1,0.75,224.10,0.00,N/A
172.64.232.142,4,1,0.75,224.33,0.00,N/A
104.25.238.12,4,1,0.75,224.47,0.00,N/A
104.16.181.122,4,1,0.75,224.73,0.00,N/A
172.66.214.230,4,1,0.75,224.97,0.00,N/A
104.16.190.223,4,1,0.75,225.07,0.00,N/A
172.67.210.125,4,1,0.75,225.10,0.00,N/A
104.25.102.43,4,1,0.75,225.28,0.00,N/A
104.16.186.161,4,1,0.75,225.50,0.00,N/A
104.27.44.77,4,1,0.75,225.81,0.00,N/A
104.16.182.158,4,1,0.75,225.84,0.00,N/A
172.67.251.244,4,1,0.75,226.02,0.00,N/A
104.27.22.59,4,1,0.75,226.06,0.00,N/A
172.65.173.56,4,1,0.75,226.20,0.00,N/A
104.17.93.148,4,1,0.75,226.31,0.00,N/A
104.16.178.90,4,1,0.75,226.33,0.00,N/A
104.24.230.195,4,1,0.75,226.55,0.00,N/A
104.19.199.172,4,1,0.75,226.80,0.00,N/A
104.26.15.30,4,1,0.75,226.98,0.00,N/A
162.159.228.164,4,1,0.75,227.53,0.00,N/A
172.67.145.158,4,1,0.75,227.69,0.00,N/A
104.16.184.189,4,1,0.75,227.70,0.00,N/A
104.27.8.246,4,1,0.75,227.93,0.00,N/A
104.25.20.240,4,1,0.75,228.24,0.00,N/A
104.25.37.4,4,1,0.75,228.30,0.00,N/A
104.25.245.128,4,1,0.75,228.31,0.00,N/A
104.25.246.114,4,1,0.75,228.81,0.00,N/A
172.67.100.179,4,1,0.75,228.88,0.00,N/A
104.24.152.229,4,1,0.75,228.95,0.00,N/A
172.64.84.185,4,1,0.75,228.99,0.00,N/A
172.67.96.97,4,1,0.75,229.10,0.00,N/A
104.24.77.60,4,1,0.75,229.26,0.00,N/A
172.65.13.50,4,1,0.75,229.41,0.00,N/A
104.25.193.206,4,1,0.75,229.87,0.00,N/A
172.64.81.112,4,1,0.75,229.94,0.00,N/A
172.64.97.25,4,1,0.75,230.07,0.00,N/A
104.16.249.12,4,1,0.75,230.27,0.00,N/A
104.19.255.198,4,1,0.75,230.40,0.00,N/A
104.25.151.39,4,1,0.75,230.48,0.00,N/A
172.67.105.33,4,1,0.75,230.53,0.00,N/A
104.27.60.127,4,1,0.75,230.56,0.00,N/A
104.24.22.29,4,1,0.75,230.63,0.00,N/A
104.20.41.132,4,1,0.75,230.73,0.00,N/A
104.29.153.150,4,1,0.75,230.90,0.00,N/A
172.65.168.10,4,1,0.75,231.03,0.00,N/A
104.25.159.23,4,1,0.75,231.21,0.00,N/A
172.66.202.106,4,1,0.75,231.36,0.00,N/A
104.25.155.13,4,1,0.75,231.94,0.00,N/A
172.65.83.99,4,1,0.75,232.07,0.00,N/A
104.25.207.219,4,1,0.75,232.11,0.00,N/A
172.67.109.175,4,1,0.75,232.17,0.00,N/A
172.64.231.118,4,1,0.75,232.31,0.00,N/A
104.25.191.201,4,1,0.75,232.46,0.00,N/A
172.67.83.72,4,1,0.75,232.82,0.00,N/A
104.20.29.10,4,1,0.75,232.93,0.00,N/A
104.25.3.125,4,1,0.75,233.56,0.00,N/A
172.67.168.208,4,1,0.75,233.64,0.00,N/A
172.67.144.68,4,1,0.75,233.97,0.00,N/A
104.25.95.99,4,1,0.75,234.06,0.00,N/A
172.65.141.38,4,1,0.75,234.25,0.00,N/A
104.24.204.93,4,1,0.75,234.39,0.00,N/A
104.26.12.252,4,1,0.75,234.44,0.00,N/A
104.21.8.89,4,1,0.75,235.08,0.00,N/A
172.64.82.161,4,1,0.75,235.50,0.00,N/A
104.25.222.223,4,1,0.75,235.54,0.00,N/A
172.67.131.81,4,1,0.75,235.88,0.00,N/A
104.17.168.52,4,1,0.75,236.09,0.00,N/A
104.25.156.173,4,1,0.75,236.11,0.00,N/A
172.66.215.183,4,1,0.75,236.13,0.00,N/A
162.159.231.248,4,1,0.75,236.29,0.00,N/A
172.64.93.81,4,1,0.75,236.33,0.00,N/A
104.18.108.254,4,1,0.75,236.48,0.00,N/A
104.24.218.115,4,1,0.75,236.82,0.00,N/A
162.159.133.16,4,1,0.75,237.00,0.00,N/A
104.25.220.50,4,1,0.75,237.11,0.00,N/A
104.17.50.104,4,1,0.75,237.24,0.00,N/A
104.25.97.183,4,1,0.75,237.31,0.00,N/A
104.20.27.67,4,1,0.75,237.38,0.00,N/A
172.66.140.184,4,1,0.75,237.84,0.00,N/A
104.17.197.0,4,1,0.75,238.02,0.00,N/A
172.65.82.163,4,1,0.75,238.10,0.00,N/A
172.65.74.186,4,1,0.75,238.17,0.00,N/A
104.24.45.51,4,1,0.75,238.47,0.00,N/A
104.21.118.44,4,1,0.75,238.60,0.00,N/A
172.65.155.11,4,1,0.75,238.60,0.00,N/A
104.16.240.179,4,1,0.75,238.63,0.00,N/A
104.27.91.204,4,1,0.75,238.91,0.00,N/A
162.159.141.116,4,1,0.75,239.04,0.00,N/A
104.16.242.242,4,1,0.75,239.59,0.00,N/A
104.20.32.182,4,1,0.75,240.02,0.00,N/A
104.25.34.243,4,1,0.75,240.05,0.00,N/A
172.67.139.203,4,1,0.75,240.39,0.00,N/A
104.27.10.157,4,1,0.75,240.79,0.00,N/A
104.25.137.101,4,1,0.75,241.05,0.00,N/A
104.24.0.53,4,1,0.75,241.75,0.00,N/A
104.20.33.33,4,1,0.75,241.83,0.00,N/A
104.20.25.145,4,1,0.75,241.88,0.00,N/A
104.25.223.200,4,1,0.75,241.93,0.00,N/A
172.65.166.184,4,1,0.75,242.06,0.00,N/A
104.29.111.166,4,1,0.75,242.36,0.00,N/A
104.24.137.146,4,1,0.75,243.31,0.00,N/A
172.65.150.146,4,1,0.75,243.90,0.00,N/A
104.16.238.99,4,1,0.75,244.61,0.00,N/A
172.65.86.189,4,1,0.75,245.04,0.00,N/A
172.65.105.195,4,1,0.75,245.12,0.00,N/A
172.66.173.199,4,1,0.75,245.21,0.00,N/A
104.25.248.49,4,1,0.75,245.21,0.00,N/A
172.65.188.206,4,1,0.75,245.60,0.00,N/A
172.67.84.170,4,1,0.75,247.13,0.00,N/A
162.159.230.24,4,1,0.75,247.31,0.00,N/A
104.18.11.34,4,1,0.75,247.83,0.00,N/A
104.24.2.82,4,1,0.75,248.08,0.00,N/A
104.20.24.106,4,1,0.75,248.83,0.00,N/A
104.16.205.94,4,1,0.75,248.96,0.00,N/A
104.25.213.66,4,1,0.75,249.34,0.00,N/A
104.20.26.90,4,1,0.75,250.25,0.00,N/A
172.67.79.7,4,1,0.75,250.30,0.00,N/A
104.17.111.164,4,1,0.75,250.51,0.00,N/A
172.67.104.30,4,1,0.75,250.98,0.00,N/A
104.21.120.163,4,1,0.75,251.53,0.00,N/A
104.29.151.116,4,1,0.75,252.08,0.00,N/A
104.24.56.107,4,1,0.75,252.44,0.00,N/A
104.24.191.196,4,1,0.75,252.89,0.00,N/A
104.17.35.98,4,1,0.75,253.04,0.00,N/A
104.20.22.59,4,1,0.75,253.19,0.00,N/A
172.64.95.10,4,1,0.75,253.46,0.00,N/A
162.159.160.164,4,1,0.75,253.53,0.00,N/A
172.66.193.200,4,1,0.75,254.13,0.00,N/A
104.20.28.68,4,1,0.75,254.30,0.00,N/A
104.29.159.16,4,1,0.75,254.47,0.00,N/A
172.64.98.204,4,1,0.75,255.26,0.00,N/A
104.24.222.0,4,1,0.75,256.01,0.00,N/A
104.25.39.12,4,1,0.75,256.30,0.00,N/A
104.25.71.142,4,1,0.75,256.76,0.00,N/A
104.17.178.248,4,1,0.75,256.85,0.00,N/A
162.159.196.115,4,1,0.75,258.17,0.00,N/A
172.64.94.220,4,1,0.75,258.38,0.00,N/A
172.65.92.109,4,1,0.75,261.04,0.00,N/A
104.17.194.174,4,1,0.75,261.06,0.00,N/A
104.24.48.52,4,1,0.75,263.25,0.00,N/A
104.25.35.148,4,1,0.75,263.93,0.00,N/A
104.29.124.195,4,1,0.75,264.72,0.00,N/A
104.17.145.39,4,1,0.75,265.27,0.00,N/A
104.27.81.251,4,1,0.75,268.69,0.00,N/A
104.18.7.205,4,1,0.75,268.94,0.00,N/A
104.19.233.244,4,1,0.75,272.66,0.00,N/A
104.17.96.252,4,1,0.75,274.65,0.00,N/A
104.25.1.110,4,1,0.75,275.00,0.00,N/A
104.26.7.180,4,1,0.75,276.28,0.00,N/A
104.20.23.185,4,1,0.75,277.04,0.00,N/A
172.67.74.111,4,1,0.75,277.29,0.00,N/A
172.64.186.100,4,1,0.75,278.15,0.00,N/A
104.24.246.73,4,1,0.75,288.17,0.00,N/A
104.24.220.107,4,1,0.75,293.43,0.00,N/A
104.20.19.7,4,1,0.75,294.61,0.00,N/A
104.27.121.37,4,1,0.75,305.02,0.00,N/A
104.25.0.85,4,1,0.75,307.06,0.00,N/A
172.65.9.24,4,1,0.75,307.38,0.00,N/A
104.25.85.142,4,1,0.75,310.25,0.00,N/A
104.25.32.213,4,1,0.75,310.52,0.00,N/A
172.64.78.151,4,1,0.75,316.65,0.00,N/A
104.29.155.83,4,1,0.75,317.58,0.00,N/A
104.29.143.46,4,1,0.75,323.35,0.00,N/A
104.29.158.101,4,1,0.75,327.88,0.00,N/A
104.29.141.111,4,1,0.75,341.79,0.00,N/A
104.25.51.191,4,1,0.75,342.44,0.00,N/A
104.29.127.36,4,1,0.75,357.62,0.00,N/A
104.29.139.138,4,1,0.75,363.40,0.00,N/A
104.25.4.158,4,1,0.75,382.21,0.00,N/A
104.29.142.147,4,1,0.75,416.88,0.00,N/A
